image_id,label,split
001469,1,train
001392,1,train
004755,1,train
003890,1,train
000557,0,train
000819,1,train
001543,1,train
004263,1,train
000196,1,train
004252,1,train
003622,1,train
002336,1,train
002908,0,train
001609,1,train
003350,1,train
003719,1,train
003017,1,train
001147,1,train
004708,0,train
003637,1,train
001563,1,train
003501,0,train
003357,1,train
003910,1,train
002445,0,train
000045,0,train
000158,0,train
002544,1,train
001506,1,train
003451,0,train
002741,1,train
002141,1,train
001136,1,train
004490,1,train
003727,1,train
003104,1,train
001114,1,train
001849,0,train
000480,0,train
000869,1,train
002922,0,train
001424,1,train
003860,1,train
001433,1,train
004768,1,train
001636,1,train
004861,1,train
000622,0,train
003260,1,train
000346,0,train
003568,0,train
004800,1,train
000930,1,train
000340,0,train
004137,0,train
002972,0,train
004652,0,train
000211,0,train
004805,1,train
000007,0,train
004584,1,train
002940,0,train
000619,1,train
001250,1,train
003894,1,train
003125,1,train
001544,1,train
002344,0,train
003980,1,train
001953,1,train
004187,1,train
003530,0,train
002612,1,train
004683,0,train
001356,1,train
000883,1,train
001635,1,train
001277,1,train
002302,1,train
001531,1,train
001089,1,train
004839,1,train
002355,1,train
001222,1,train
001472,1,train
002719,1,train
004360,1,train
000963,1,train
003450,0,train
001366,1,train
000295,0,train
003641,1,train
001164,1,train
000625,0,train
000733,1,train
003250,1,train
002024,1,train
000243,0,train
002170,1,train
001149,1,train
003335,1,train
001592,1,train
004480,1,train
002003,1,train
003947,1,train
002934,0,train
002866,0,train
000285,0,train
003956,1,train
004208,1,train
002988,1,train
003913,1,train
000090,1,train
000248,0,train
001735,0,train
002968,0,train
001659,1,train
003542,0,train
001680,1,train
004229,1,train
004442,1,train
000084,0,train
003529,0,train
002265,1,train
001577,1,train
004467,1,train
000631,0,train
004675,0,train
004374,1,train
001239,1,train
002881,0,train
001815,0,train
002219,1,train
000726,1,train
002525,1,train
003500,0,train
001070,1,train
003606,1,train
002246,1,train
003432,0,train
001090,1,train
003411,1,train
002001,1,train
001429,1,train
001627,1,train
003308,1,train
004560,1,train
004076,0,train
000308,0,train
000301,0,train
000166,0,train
001191,1,train
001016,1,train
001507,1,train
001004,1,train
000658,0,train
004831,1,train
001062,1,train
002706,1,train
004498,1,train
000734,1,train
002777,1,train
001895,0,train
004507,1,train
002849,1,train
002464,0,train
002249,1,train
001742,0,train
001172,1,train
003434,0,train
003996,1,train
004319,1,train
003320,1,train
004296,1,train
000517,0,train
000454,0,train
003851,1,train
002457,0,train
000477,0,train
003791,1,train
002157,1,train
000610,0,train
000306,0,train
002394,0,train
000299,0,train
002182,1,train
002173,1,train
001056,1,train
003744,1,train
002729,0,train
000065,0,train
001806,0,train
003277,1,train
003713,1,train
001696,1,train
000567,0,train
004460,1,train
003515,0,train
002853,1,train
004279,1,train
004998,1,train
002480,0,train
003982,1,train
002739,1,train
001842,1,train
004386,1,train
002852,1,train
000485,0,train
000995,1,train
001169,1,train
003103,1,train
004221,1,train
003223,1,train
004980,1,train
002925,0,train
002189,1,train
000357,0,train
003768,1,train
003538,0,train
001351,1,train
001721,1,train
003174,1,train
002252,1,train
003752,1,train
004071,0,train
004260,1,train
004028,1,train
004879,1,train
002390,0,train
004259,1,train
003420,1,train
001820,1,train
002121,1,train
003983,1,train
000805,1,train
002973,0,train
003070,1,train
003540,0,train
003342,1,train
003173,1,train
003675,1,train
003496,0,train
000681,1,train
003209,1,train
004634,0,train
003876,1,train
000036,0,train
000092,0,train
003504,0,train
001309,1,train
004600,0,train
003212,1,train
001630,1,train
004749,1,train
000664,0,train
001450,1,train
003311,1,train
004267,1,train
002325,1,train
002202,1,train
004676,0,train
003984,1,train
001210,1,train
004897,1,train
001422,1,train
004343,1,train
004051,1,train
001319,1,train
004921,1,train
003771,1,train
004910,1,train
003270,1,train
000719,1,train
000429,0,train
003867,1,train
002915,0,train
004909,1,train
003886,1,train
003602,1,train
001378,1,train
004273,1,train
001024,1,train
004653,0,train
002385,0,train
000617,0,train
003623,1,train
004347,1,train
002395,0,train
000160,0,train
003095,1,train
001345,1,train
004280,1,train
004635,1,train
002591,1,train
000814,1,train
003986,1,train
000408,0,train
001432,1,train
003825,1,train
002303,1,train
004008,1,train
001138,1,train
003516,0,train
002393,0,train
004748,1,train
003045,1,train
000237,0,train
003953,1,train
003554,0,train
002452,0,train
004452,1,train
002902,0,train
002775,1,train
002957,0,train
000215,0,train
004761,1,train
004590,1,train
004366,1,train
000748,1,train
002657,1,train
003718,1,train
000529,0,train
001260,1,train
004669,0,train
004173,1,train
004832,1,train
002049,1,train
000162,0,train
000902,1,train
002679,1,train
001370,1,train
002018,1,train
000665,0,train
002864,0,train
003970,1,train
000951,1,train
002208,1,train
002074,1,train
002292,1,train
004341,1,train
001711,1,train
000341,0,train
004215,1,train
001539,1,train
002482,0,train
003557,0,train
000943,1,train
002492,1,train
002514,0,train
002347,1,train
000984,1,train
003271,1,train
003221,1,train
003186,1,train
002301,1,train
001578,1,train
004377,1,train
001857,0,train
001281,1,train
002962,0,train
001744,1,train
000476,0,train
001508,1,train
002716,1,train
000407,0,train
001690,1,train
003946,1,train
004331,1,train
001605,1,train
001859,0,train
003584,1,train
001087,1,train
001127,1,train
004513,1,train
002721,1,train
001458,1,train
002720,1,train
000611,0,train
003108,1,train
004031,1,train
002561,1,train
004427,1,train
002176,1,train
002879,0,train
001759,0,train
000718,1,train
003940,1,train
002559,1,train
000572,0,train
002146,1,train
000395,0,train
000520,1,train
002401,0,train
000130,0,train
000265,0,train
004696,0,train
004121,0,train
000543,0,train
001247,1,train
001218,1,train
001091,1,train
003085,1,train
001844,0,train
004705,1,train
000794,1,train
002512,1,train
001994,1,train
004118,0,train
001939,0,train
002619,1,train
003813,1,train
003610,1,train
002489,0,train
001780,0,train
002190,1,train
002929,0,train
000504,0,train
000347,0,train
001015,1,train
000279,0,train
001800,0,train
003561,0,train
002834,1,train
000644,0,train
004226,1,train
003861,1,train
003783,1,train
003627,1,train
003815,1,train
004268,1,train
004354,1,train
000032,0,train
002528,1,train
001369,1,train
000087,0,train
003667,1,train
002586,1,train
003590,1,train
002667,1,train
001599,1,train
004012,1,train
000868,1,train
000875,1,train
002409,0,train
003543,0,train
003480,0,train
002590,0,train
002913,0,train
002384,0,train
002574,1,train
004223,1,train
001054,1,train
002648,1,train
000457,0,train
003333,1,train
001873,0,train
003630,1,train
003680,1,train
003494,0,train
002191,1,train
003179,1,train
003380,1,train
002415,0,train
003711,1,train
002280,1,train
000674,0,train
000315,0,train
000828,1,train
003183,1,train
002708,1,train
003957,1,train
002320,1,train
000163,1,train
001747,1,train
001051,1,train
004135,0,train
002981,1,train
003253,1,train
002209,1,train
002598,1,train
004466,1,train
001301,1,train
002709,1,train
002542,1,train
000962,1,train
003038,1,train
000593,0,train
002603,1,train
002967,0,train
004630,0,train
001063,1,train
004964,1,train
004828,1,train
004855,1,train
000727,1,train
004106,0,train
004862,1,train
003731,1,train
004556,1,train
004771,1,train
000650,0,train
001880,0,train
003799,1,train
002543,1,train
001667,1,train
004789,1,train
000953,1,train
003650,1,train
004340,1,train
000804,1,train
004699,1,train
002715,1,train
004622,0,train
002477,0,train
000188,0,train
003938,1,train
003796,1,train
002491,1,train
004753,1,train
001872,0,train
004348,1,train
003850,1,train
002992,1,train
001784,0,train
001419,1,train
004048,1,train
004764,1,train
000747,1,train
004502,1,train
002040,1,train
004778,1,train
004174,1,train
004713,0,train
002256,1,train
002282,1,train
002399,0,train
000744,1,train
003694,1,train
000020,0,train
004455,1,train
002081,1,train
002352,0,train
003747,1,train
003197,1,train
001032,1,train
004007,1,train
002423,0,train
001593,1,train
002392,0,train
001606,1,train
003213,1,train
001616,1,train
000553,0,train
001022,1,train
004079,0,train
000034,0,train
003903,1,train
003785,1,train
003493,0,train
001497,1,train
004672,0,train
002746,1,train
001026,1,train
003879,1,train
000854,1,train
001736,0,train
004725,1,train
003088,1,train
003331,1,train
000319,0,train
000751,1,train
003153,1,train
001580,1,train
002061,1,train
000152,0,train
001350,1,train
000560,0,train
001929,0,train
000803,1,train
001418,1,train
002447,0,train
004504,1,train
002762,1,train
000257,1,train
001848,0,train
004738,1,train
001044,1,train
000950,1,train
002234,1,train
001969,1,train
002042,1,train
003050,1,train
004709,1,train
003368,1,train
000813,1,train
003399,1,train
002411,0,train
004571,1,train
003215,1,train
001145,1,train
004503,1,train
000678,0,train
000990,1,train
003495,0,train
000399,0,train
004285,1,train
002010,1,train
002531,1,train
002273,1,train
000590,0,train
003344,1,train
000172,0,train
001752,0,train
002441,0,train
003422,1,train
000505,0,train
003166,1,train
000661,0,train
003608,1,train
002642,1,train
004681,0,train
000763,1,train
002647,1,train
000848,1,train
004159,1,train
002993,1,train
003157,1,train
001973,1,train
003698,1,train
003044,1,train
004317,1,train
004903,1,train
003555,0,train
000696,1,train
004609,0,train
004602,0,train
001647,1,train
003109,1,train
003448,0,train
003024,1,train
004674,0,train
001410,1,train
003633,1,train
004512,1,train
001398,1,train
000116,1,train
002369,0,train
004532,1,train
000313,0,train
001104,1,train
000178,1,train
000920,1,train
000478,0,train
000414,0,train
003046,1,train
002685,0,train
004547,1,train
002133,1,train
003720,1,train
003413,1,train
003905,1,train
004149,0,train
002305,1,train
001211,1,train
002422,0,train
001649,1,train
001290,1,train
004029,1,train
004627,0,train
000981,1,train
001963,1,train
001029,1,train
002909,0,train
003922,1,train
001757,1,train
003823,1,train
002436,0,train
001071,1,train
000595,0,train
002037,1,train
000100,0,train
000906,1,train
000173,0,train
001622,1,train
002000,1,train
000022,0,train
000419,0,train
001232,1,train
003716,1,train
000241,0,train
001059,1,train
003878,1,train
003660,1,train
003304,1,train
002753,1,train
004578,1,train
003948,1,train
001354,1,train
002905,0,train
001086,1,train
001650,1,train
000418,0,train
004251,1,train
004624,0,train
000961,1,train
001358,1,train
001333,1,train
004068,0,train
000876,1,train
001861,1,train
003535,0,train
001725,1,train
000091,0,train
000314,0,train
004052,1,train
003347,1,train
003971,1,train
001121,1,train
002763,1,train
004232,1,train
003921,1,train
003068,1,train
002570,1,train
002500,1,train
002668,1,train
001520,1,train
000327,0,train
000486,0,train
000666,1,train
001197,1,train
001867,0,train
003951,1,train
001604,1,train
001329,1,train
004629,0,train
003845,1,train
002089,1,train
000033,0,train
004656,0,train
000443,0,train
000799,1,train
000376,0,train
000303,0,train
001927,0,train
004423,1,train
001372,1,train
003229,1,train
002410,0,train
003995,1,train
003662,1,train
003290,1,train
004555,1,train
000983,1,train
001683,1,train
002650,1,train
002870,0,train
001631,1,train
004519,1,train
002942,0,train
001756,0,train
001448,1,train
000398,0,train
004002,1,train
003460,0,train
000159,0,train
004777,1,train
000088,1,train
002597,1,train
000921,1,train
000731,1,train
003728,1,train
000235,0,train
002757,1,train
002907,0,train
002093,1,train
000700,1,train
000824,1,train
002537,1,train
002955,0,train
003120,1,train
002361,0,train
001546,1,train
004939,1,train
002600,1,train
004539,1,train
004803,1,train
002439,0,train
002484,0,train
000909,1,train
004924,1,train
000643,0,train
002144,1,train
003595,1,train
004987,1,train
000857,1,train
002312,1,train
002308,1,train
003334,1,train
000179,1,train
002345,0,train
004160,0,train
004581,1,train
001841,1,train
003668,1,train
002271,1,train
000254,0,train
001493,1,train
003648,1,train
003563,0,train
003133,1,train
001425,1,train
001371,1,train
001588,1,train
002511,1,train
004391,1,train
002475,0,train
002748,1,train
000364,0,train
000769,1,train
004015,1,train
001832,0,train
001080,1,train
000333,0,train
003151,1,train
004847,1,train
002976,0,train
002856,0,train
003135,1,train
000064,0,train
001453,1,train
004769,1,train
003416,1,train
002933,0,train
002349,0,train
001391,1,train
002691,1,train
001967,1,train
004271,1,train
001518,1,train
003699,1,train
004841,1,train
001236,1,train
002232,1,train
002611,1,train
000436,0,train
003453,0,train
000738,1,train
003324,1,train
002946,0,train
001698,1,train
003616,1,train
001893,1,train
004917,1,train
004883,1,train
003162,1,train
004283,1,train
001423,1,train
000484,0,train
001828,0,train
001611,1,train
002174,1,train
003852,1,train
003523,0,train
003158,1,train
004204,1,train
003014,1,train
000833,1,train
004569,1,train
004262,1,train
004472,1,train
001023,1,train
000102,1,train
001777,1,train
000441,0,train
003473,0,train
004164,0,train
000916,1,train
002765,0,train
000864,1,train
001889,0,train
000544,0,train
001930,0,train
003858,1,train
004646,1,train
001791,0,train
003708,1,train
004196,1,train
000508,0,train
001460,1,train
001952,1,train
000672,0,train
003388,1,train
003431,0,train
002885,0,train
001426,1,train
001000,1,train
003537,0,train
000077,1,train
004583,1,train
000198,0,train
000442,0,train
000636,0,train
002437,0,train
001110,1,train
000837,1,train
001958,1,train
002375,0,train
004441,1,train
000515,0,train
004293,1,train
001143,1,train
003854,1,train
003964,1,train
002106,1,train
001130,1,train
001342,1,train
002839,1,train
001561,1,train
000263,1,train
003739,1,train
002958,0,train
002584,1,train
000097,1,train
004384,1,train
004132,0,train
001706,1,train
003949,1,train
004383,1,train
003604,1,train
002935,0,train
002107,1,train
004150,0,train
004352,1,train
001814,0,train
000827,1,train
001950,1,train
002147,1,train
000535,0,train
003569,0,train
003002,1,train
002095,1,train
002557,1,train
004193,1,train
000165,0,train
003107,1,train
001207,1,train
001943,0,train
001362,1,train
004575,1,train
004182,1,train
000514,0,train
003037,0,train
004673,0,train
004469,1,train
002140,1,train
001865,0,train
002969,0,train
000668,1,train
003937,1,train
003902,1,train
003354,1,train
003740,1,train
002602,1,train
004837,1,train
001308,1,train
003807,1,train
000145,0,train
004857,1,train
003671,1,train
003969,1,train
004625,0,train
004488,1,train
001035,1,train
001900,0,train
004544,1,train
004785,1,train
000555,0,train
003409,1,train
002786,1,train
000098,1,train
000716,1,train
000388,0,train
003258,1,train
001196,1,train
000015,0,train
004064,1,train
000509,0,train
002734,1,train
003885,1,train
003289,1,train
000404,0,train
001353,1,train
000121,0,train
004928,1,train
001591,1,train
002693,1,train
001330,1,train
002254,1,train
001132,1,train
003779,1,train
000057,0,train
002015,1,train
002398,0,train
004741,1,train
002752,1,train
003877,1,train
000977,1,train
004936,1,train
001792,0,train
002198,1,train
002869,0,train
003385,1,train
003467,0,train
003551,0,train
002671,1,train
003792,1,train
000427,0,train
003735,1,train
000377,0,train
000967,1,train
002616,1,train
003214,1,train
003738,1,train
001707,1,train
003880,1,train
004318,1,train
004608,0,train
004707,1,train
003297,1,train
004767,1,train
002654,1,train
002823,1,train
001837,0,train
001673,1,train
003028,1,train
003743,1,train
001552,1,train
000552,0,train
004619,0,train
000204,0,train
003688,1,train
002884,0,train
004942,1,train
000867,1,train
000143,0,train
004199,1,train
004819,1,train
003939,1,train
000268,0,train
000670,0,train
000757,1,train
001123,1,train
003325,1,train
002169,1,train
004595,1,train
000133,0,train
001073,1,train
001465,1,train
000089,1,train
004019,1,train
004367,1,train
003748,1,train
002805,1,train
002353,0,train
004799,1,train
002227,1,train
003155,1,train
000816,1,train
001213,1,train
003672,1,train
002731,1,train
003507,0,train
001748,1,train
000922,1,train
004754,1,train
000783,1,train
004393,1,train
002980,1,train
000800,1,train
004043,1,train
000233,0,train
001219,1,train
001099,1,train
000898,1,train
004666,0,train
004035,1,train
001108,1,train
004401,1,train
004091,0,train
002692,1,train
001348,1,train
004833,1,train
003248,1,train
004376,1,train
000359,0,train
004886,1,train
001986,1,train
001457,1,train
004323,1,train
003264,1,train
003884,1,train
002214,1,train
002020,1,train
004282,1,train
003977,1,train
000892,1,train
001163,1,train
002930,0,train
001726,1,train
004004,1,train
002800,1,train
000859,1,train
003156,1,train
001515,1,train
004716,0,train
004662,0,train
001327,1,train
001978,1,train
001292,1,train
003427,1,train
004849,1,train
003449,0,train
002674,1,train
003121,1,train
004632,0,train
002703,1,train
004780,1,train
004958,1,train
001864,0,train
000586,0,train
000491,0,train
003321,1,train
004743,1,train
004120,0,train
004101,0,train
001098,1,train
002711,1,train
002486,0,train
000050,0,train
001779,0,train
000004,0,train
001383,1,train
003064,1,train
004103,1,train
000639,0,train
004846,1,train
004116,0,train
004776,1,train
001527,1,train
003593,1,train
002161,1,train
004359,1,train
001212,1,train
001262,1,train
004695,0,train
002118,1,train
003272,1,train
003581,1,train
000539,1,train
002309,1,train
003228,1,train
003625,1,train
004644,0,train
001740,0,train
001901,0,train
002321,1,train
000866,1,train
003230,1,train
001911,1,train
003339,1,train
001008,1,train
000030,0,train
004790,1,train
004201,1,train
003772,1,train
002803,1,train
000571,0,train
001313,1,train
004314,1,train
002764,1,train
001390,1,train
002850,1,train
000829,1,train
002338,1,train
002178,1,train
003225,1,train
002766,0,train
001624,1,train
004541,1,train
000550,0,train
004920,1,train
000283,0,train
000370,0,train
003797,1,train
002990,1,train
004342,1,train
000063,0,train
003177,1,train
000452,0,train
002094,1,train
002548,0,train
001341,1,train
004706,0,train
004759,1,train
001282,1,train
001201,1,train
001803,0,train
000659,0,train
000489,0,train
004357,1,train
003262,1,train
001112,1,train
003659,1,train
003868,1,train
000775,1,train
002906,0,train
000082,0,train
001409,1,train
003600,1,train
003562,0,train
002412,0,train
004690,1,train
002417,0,train
001623,1,train
002656,1,train
001010,1,train
001614,1,train
004006,1,train
003247,1,train
001512,1,train
000662,0,train
004309,1,train
001852,0,train
003352,1,train
003424,1,train
000456,0,train
001678,1,train
003440,0,train
001968,1,train
002876,0,train
000200,1,train
003954,1,train
000266,0,train
001103,1,train
000187,0,train
000501,0,train
003640,1,train
004166,1,train
000495,0,train
002874,0,train
003406,1,train
001492,1,train
003419,1,train
001380,1,train
001514,1,train
003907,1,train
000792,1,train
003631,1,train
000528,0,train
003310,1,train
002960,0,train
002481,0,train
002699,1,train
002413,0,train
000777,1,train
000039,0,train
002632,1,train
001564,1,train
004688,0,train
001434,1,train
003693,1,train
000074,0,train
002103,1,train
000280,0,train
001052,1,train
003935,1,train
002446,0,train
004011,1,train
002023,1,train
001428,1,train
000411,1,train
000924,1,train
000821,1,train
001095,1,train
003047,0,train
004961,1,train
003525,0,train
001663,1,train
004900,1,train
001945,0,train
001547,1,train
004501,1,train
004516,1,train
000498,1,train
002605,1,train
004655,0,train
002950,0,train
002113,1,train
002861,0,train
000372,0,train
004817,1,train
000786,1,train
003236,1,train
001346,1,train
002825,1,train
004913,1,train
003497,0,train
003081,1,train
004772,1,train
001906,0,train
000278,0,train
003759,1,train
003726,1,train
001551,1,train
002541,1,train
002817,1,train
000879,1,train
002120,1,train
004211,1,train
000352,1,train
004615,0,train
003644,1,train
004820,1,train
001571,1,train
001628,1,train
003266,1,train
000497,0,train
003944,1,train
001454,1,train
003673,1,train
002330,1,train
000273,0,train
000325,0,train
000872,1,train
003841,1,train
000185,0,train
004795,1,train
004540,1,train
000926,1,train
001175,1,train
003965,1,train
003110,1,train
002924,0,train
002222,1,train
002867,0,train
001170,1,train
004912,1,train
004765,1,train
003864,1,train
002096,1,train
000928,1,train
003067,1,train
000618,1,train
002833,1,train
004406,1,train
000111,0,train
003069,1,train
000262,0,train
001464,1,train
004763,1,train
001617,1,train
002397,0,train
001836,0,train
003499,0,train
004240,1,train
002898,0,train
004434,1,train
003765,1,train
000368,0,train
001167,1,train
000117,0,train
000564,1,train
004335,1,train
002070,1,train
001931,0,train
004239,1,train
004332,1,train
000096,1,train
001374,1,train
004878,1,train
003839,1,train
004881,1,train
002797,1,train
003128,1,train
001311,1,train
003196,1,train
001183,1,train
002358,0,train
001148,1,train
003574,0,train
002031,1,train
001637,1,train
003083,1,train
000431,0,train
004082,0,train
004180,1,train
002313,1,train
004141,0,train
001987,1,train
002760,1,train
001230,1,train
001499,1,train
003233,1,train
000736,1,train
004361,1,train
002109,1,train
000910,1,train
004824,1,train
002090,1,train
000840,1,train
002479,0,train
002998,1,train
000466,0,train
000435,0,train
003849,1,train
003900,1,train
000226,0,train
003518,0,train
002168,1,train
003520,0,train
000192,0,train
001971,1,train
000424,0,train
003912,1,train
003685,1,train
003832,1,train
002454,0,train
002405,0,train
002283,1,train
004493,1,train
002259,1,train
004972,1,train
001237,1,train
002350,0,train
003283,1,train
004308,1,train
004249,1,train
003052,1,train
003915,1,train
000531,0,train
002406,0,train
003291,1,train
000891,1,train
004038,1,train
002323,1,train
000403,0,train
001809,1,train
002523,1,train
003524,0,train
001907,0,train
003928,1,train
000229,0,train
001048,1,train
002638,1,train
003674,1,train
002995,1,train
004977,1,train
001318,1,train
003000,1,train
002890,0,train
001117,1,train
002217,1,train
000193,0,train
001682,1,train
001107,1,train
001511,1,train
000948,1,train
003548,0,train
001367,1,train
000320,0,train
000080,1,train
000071,0,train
001856,0,train
002732,1,train
000439,0,train
003931,1,train
001568,1,train
000499,0,train
002466,0,train
004171,1,train
002894,0,train
004529,1,train
004265,1,train
000979,1,train
000008,0,train
001523,1,train
002450,0,train
004304,1,train
004719,0,train
003466,0,train
000603,0,train
000653,0,train
000937,1,train
002937,0,train
002831,1,train
002490,0,train
002129,1,train
003353,1,train
004851,1,train
003914,1,train
000252,0,train
000462,0,train
001225,1,train
002064,1,train
003060,1,train
003645,1,train
004066,1,train
004424,1,train
004593,1,train
003032,1,train
000402,0,train
002795,1,train
002951,0,train
000171,0,train
003244,1,train
003178,1,train
003715,1,train
003041,1,train
001825,1,train
001269,1,train
002472,0,train
001947,0,train
001474,1,train
004702,0,train
002476,0,train
000633,0,train
001271,1,train
000781,1,train
000632,0,train
001717,1,train
000490,0,train
000706,1,train
002156,1,train
001548,1,train
002841,1,train
001020,1,train
003149,1,train
000018,0,train
000049,0,train
004733,1,train
002404,0,train
003729,1,train
003737,1,train
003384,1,train
000559,0,train
001691,1,train
000676,0,train
003195,1,train
004758,1,train
002651,1,train
004077,0,train
004405,1,train
001273,1,train
003269,1,train
000600,0,train
000186,1,train
000648,0,train
003725,1,train
004809,1,train
002910,0,train
001954,1,train
002427,0,train
004100,0,train
000834,1,train
001540,1,train
000680,1,train
002111,1,train
004773,1,train
001934,1,train
004514,1,train
003638,1,train
002589,0,train
003436,0,train
001477,1,train
002784,1,train
002895,0,train
001033,1,train
003430,0,train
002038,1,train
002997,1,train
000390,0,train
002304,1,train
002473,0,train
000213,0,train
003447,0,train
002549,0,train
001545,1,train
002046,1,train
000061,0,train
002458,0,train
004976,1,train
000264,1,train
003185,1,train
001567,1,train
002115,1,train
000703,1,train
000417,0,train
002443,0,train
002229,1,train
003790,1,train
000358,0,train
004603,0,train
004704,0,train
000205,0,train
004188,1,train
000488,0,train
004618,0,train
000330,0,train
000521,0,train
000615,0,train
001275,1,train
004311,1,train
004548,1,train
003013,1,train
001437,1,train
002289,1,train
001235,1,train
002119,1,train
002297,1,train
002530,1,train
004291,1,train
000527,0,train
001438,1,train
003976,1,train
000817,1,train
001816,0,train
001701,1,train
004869,1,train
003087,0,train
003255,1,train
001468,1,train
002075,1,train
002565,1,train
002798,1,train
004351,1,train
002383,0,train
004827,1,train
003167,1,train
002774,1,train
000694,1,train
004524,1,train
000479,0,train
003478,0,train
004408,1,train
004085,0,train
004698,0,train
003376,1,train
001984,1,train
004813,1,train
000534,0,train
003063,1,train
000660,0,train
003801,1,train
004169,1,train
004931,1,train
004925,1,train
000108,1,train
002792,0,train
001338,1,train
000752,1,train
001946,0,train
002148,1,train
003371,1,train
004617,0,train
002891,0,train
004557,1,train
000591,0,train
000356,0,train
000373,0,train
003770,1,train
000251,1,train
003161,1,train
001106,1,train
000811,1,train
004390,1,train
001258,1,train
004222,1,train
000645,0,train
001248,1,train
003199,1,train
003417,1,train
004700,0,train
002594,1,train
004457,1,train
002501,1,train
004198,1,train
002127,1,train
000860,1,train
004534,1,train
001188,1,train
003194,1,train
000176,0,train
000037,0,train
003594,1,train
000029,0,train
003367,1,train
003457,0,train
002154,1,train
001664,1,train
003402,1,train
000290,0,train
000181,1,train
001905,0,train
004568,1,train
001602,1,train
002043,1,train
004133,0,train
002007,1,train
001276,1,train
001730,0,train
000127,0,train
003211,1,train
002644,1,train
004217,1,train
002112,1,train
000715,1,train
004288,1,train
004722,0,train
003892,1,train
002372,0,train
000679,1,train
000380,0,train
004926,1,train
001923,0,train
000302,0,train
004737,1,train
001936,0,train
003292,1,train
001504,1,train
000959,1,train
000338,0,train
002006,1,train
000940,1,train
004305,1,train
001068,1,train
004362,1,train
003275,1,train
003997,1,train
000609,0,train
000999,1,train
000699,1,train
000310,0,train
003073,1,train
001490,1,train
002595,1,train
004822,1,train
002810,1,train
000935,1,train
004047,1,train
001441,1,train
002034,1,train
003470,0,train
001977,1,train
004020,1,train
001189,1,train
003414,1,train
001045,1,train
001355,1,train
003919,1,train
001787,0,train
004334,1,train
002919,0,train
004954,1,train
002493,1,train
002566,1,train
003487,0,train
002032,1,train
004694,0,train
002859,0,train
002573,1,train
001715,1,train
002467,0,train
004440,1,train
003899,1,train
003126,1,train
002643,1,train
004582,1,train
001826,0,train
000148,0,train
004528,1,train
002039,1,train
004153,0,train
001595,1,train
004567,1,train
003012,1,train
003296,1,train
001050,1,train
004930,1,train
001590,1,train
000214,0,train
000272,0,train
004786,1,train
002532,1,train
000849,1,train
002923,0,train
002640,1,train
003089,1,train
002194,1,train
001840,1,train
000423,0,train
004794,1,train
000976,1,train
001935,0,train
004774,1,train
002408,0,train
003309,1,train
000954,1,train
000524,0,train
004368,1,train
002223,1,train
002947,0,train
001652,1,train
003749,1,train
004295,1,train
001658,1,train
000375,0,train
001525,1,train
004231,1,train
002017,1,train
000378,0,train
003363,1,train
001440,1,train
003646,1,train
003613,1,train
002143,1,train
004838,1,train
000119,0,train
003407,1,train
003579,1,train
002673,1,train
002965,0,train
002502,1,train
002789,1,train
003390,1,train
003462,0,train
003181,1,train
003282,1,train
003280,1,train
002319,1,train
004197,1,train
004350,1,train
001644,1,train
002053,1,train
003259,1,train
000472,0,train
003930,1,train
003750,1,train
004152,0,train
000021,0,train
003033,1,train
002200,1,train
003773,1,train
002755,1,train
003803,1,train
000796,1,train
004444,1,train
001845,0,train
001585,1,train
003202,1,train
004947,1,train
001534,1,train
004853,1,train
002262,1,train
004281,1,train
002021,1,train
000422,0,train
002233,1,train
000767,1,train
002386,0,train
000562,0,train
004344,1,train
002567,1,train
002131,1,train
000218,0,train
002772,1,train
002337,1,train
000980,1,train
003714,1,train
001629,1,train
000642,0,train
004527,1,train
001439,1,train
000365,0,train
002509,1,train
001449,1,train
003766,1,train
004643,0,train
000247,0,train
002284,1,train
002083,1,train
000927,1,train
001444,1,train
000628,0,train
000075,0,train
002199,1,train
004860,1,train
004194,1,train
000231,0,train
004978,1,train
003898,1,train
002414,0,train
003043,1,train
002285,1,train
004787,1,train
002056,1,train
000440,0,train
004209,1,train
003639,1,train
002634,1,train
003577,0,train
004024,1,train
003265,1,train
000343,0,train
000533,0,train
002240,1,train
000227,0,train
004620,0,train
003131,1,train
001265,1,train
004109,0,train
003465,0,train
000291,1,train
002370,0,train
001447,1,train
002378,0,train
001768,0,train
002058,1,train
000425,0,train
004577,1,train
000112,0,train
001699,1,train
002293,1,train
001582,1,train
004114,0,train
004067,1,train
001216,1,train
001827,1,train
004779,1,train
003564,0,train
004604,0,train
001793,0,train
004446,1,train
002050,1,train
003484,0,train
002186,1,train
002975,0,train
004245,1,train
002569,1,train
000558,0,train
004663,0,train
002783,1,train
000104,0,train
003433,0,train
002327,1,train
003140,0,train
003145,1,train
001111,1,train
001142,1,train
000621,0,train
001079,1,train
004233,1,train
003374,1,train
003132,1,train
004113,0,train
002009,1,train
004185,1,train
000492,1,train
002893,0,train
002236,1,train
003513,0,train
003565,0,train
003136,1,train
002725,1,train
000296,0,train
004462,1,train
001445,1,train
004162,0,train
002442,0,train
004621,0,train
000732,1,train
001869,0,train
004040,1,train
003442,0,train
000463,0,train
000311,0,train
004464,1,train
002770,0,train
003999,1,train
003778,1,train
001805,1,train
000067,1,train
003404,1,train
002160,1,train
003346,1,train
000444,0,train
001600,1,train
002485,0,train
004932,1,train
001002,1,train
001312,1,train
003628,1,train
003444,0,train
002994,1,train
002897,0,train
001517,1,train
001662,1,train
003295,1,train
000394,0,train
003605,1,train
001997,1,train
003603,1,train
001339,1,train
004951,1,train
001914,0,train
003978,1,train
000542,0,train
002341,0,train
001639,1,train
000791,1,train
000761,1,train
003587,1,train
002453,0,train
000693,1,train
004356,1,train
002300,1,train
003911,1,train
002609,1,train
001343,1,train
000354,1,train
001231,1,train
004508,1,train
002837,1,train
004495,1,train
003147,1,train
002371,0,train
000620,1,train
000199,0,train
001565,1,train
003415,1,train
004893,1,train
003492,0,train
001234,1,train
002162,1,train
002138,1,train
004811,1,train
004992,1,train
003016,1,train
003767,1,train
004505,1,train
004219,1,train
004950,1,train
003722,1,train
004054,1,train
004459,1,train
002769,0,train
003340,1,train
002123,1,train
000970,1,train
000322,1,train
002440,0,train
001727,1,train
002257,1,train
000393,0,train
000768,1,train
001077,1,train
000014,0,train
002389,0,train
003285,1,train
000721,1,train
003146,1,train
000960,1,train
002564,0,train
004546,1,train
000568,0,train
000881,1,train
004927,1,train
001315,1,train
001509,1,train
000925,1,train
004494,1,train
003021,1,train
000275,0,train
003819,1,train
000789,1,train
002979,1,train
003065,0,train
004261,1,train
004962,1,train
004183,1,train
003421,1,train
003626,1,train
002065,1,train
001060,1,train
004612,1,train
002641,1,train
000739,1,train
003857,1,train
003856,1,train
000904,1,train
001373,1,train
000996,1,train
004069,1,train
002101,1,train
002197,1,train
000947,1,train
001830,0,train
003193,1,train
000221,0,train
004614,1,train
002063,1,train
003692,1,train
003599,1,train
003341,1,train
002455,0,train
003634,1,train
001402,1,train
003428,0,train
004364,1,train
004124,1,train
002553,1,train
000851,1,train
002862,0,train
002941,0,train
001031,1,train
000667,1,train
000146,1,train
003303,1,train
000156,0,train
000836,1,train
001194,1,train
001335,1,train
001560,1,train
004275,1,train
002920,0,train
001027,1,train
001397,1,train
001388,1,train
001128,1,train
004815,1,train
004816,1,train
002508,1,train
001476,1,train
001209,1,train
001558,1,train
004994,1,train
001940,0,train
003483,0,train
001860,0,train
002296,1,train
004042,1,train
000274,0,train
000253,0,train
000401,0,train
000604,0,train
003585,1,train
000597,0,train
004073,1,train
002045,1,train
004172,1,train
004814,1,train
003093,1,train
000122,0,train
004989,1,train
002768,1,train
000707,1,train
001463,1,train
001846,0,train
001036,1,train
004751,1,train
003459,0,train
003381,1,train
000596,0,train
001794,0,train
004566,1,train
002857,0,train
003299,1,train
000978,1,train
001386,1,train
000741,1,train
004203,1,train
000574,0,train
000782,1,train
003968,1,train
003203,1,train
000258,1,train
003811,1,train
000838,1,train
001713,1,train
003423,1,train
001598,1,train
002078,1,train
000348,0,train
000157,0,train
002400,0,train
001575,1,train
004005,1,train
002151,1,train
003614,1,train
001910,0,train
004274,1,train
003245,1,train
000863,1,train
000260,0,train
003591,1,train
003094,1,train
004970,1,train
002887,0,train
001473,1,train
002463,0,train
001993,1,train
004864,1,train
003512,0,train
004220,1,train
004956,1,train
003979,1,train
002750,1,train
003724,1,train
000309,0,train
001007,1,train
001285,1,train
000647,1,train
004145,0,train
000259,0,train
004531,1,train
004163,0,train
001685,1,train
004873,1,train
002080,1,train
002379,0,train
001573,1,train
001883,0,train
000447,0,train
003684,1,train
001069,1,train
001739,0,train
002758,0,train
000270,1,train
002550,1,train
001758,0,train
002418,0,train
003100,1,train
001489,1,train
003831,1,train
001009,1,train
001042,1,train
002100,1,train
002778,1,train
000578,0,train
000464,1,train
004123,0,train
001430,1,train
002855,0,train
000362,0,train
003721,1,train
001401,1,train
000946,1,train
003678,1,train
001198,1,train
000292,0,train
002710,1,train
003018,1,train
001778,1,train
003549,0,train
003180,1,train
004781,1,train
004639,0,train
004611,0,train
001868,0,train
001569,1,train
003502,0,train
004605,0,train
004526,1,train
000027,0,train
001524,1,train
001956,1,train
002649,1,train
003934,1,train
004703,0,train
000766,1,train
001882,0,train
000599,0,train
000594,0,train
000958,1,train
002218,1,train
004088,0,train
004421,1,train
004050,1,train
004905,1,train
004290,1,train
001888,0,train
002865,0,train
002713,1,train
001909,0,train
001559,1,train
004312,1,train
002230,1,train
004572,1,train
002027,1,train
000929,1,train
004241,1,train
000936,1,train
003889,1,train
004474,1,train
004477,1,train
003057,1,train
002974,0,train
001645,1,train
001115,1,train
001881,0,train
001853,0,train
000856,1,train
000673,0,train
002054,1,train
000614,0,train
003508,0,train
003642,1,train
000688,1,train
002387,0,train
000755,1,train
003242,1,train
000874,1,train
004003,1,train
001013,1,train
002851,1,train
004098,0,train
000540,0,train
004353,1,train
004537,1,train
001679,1,train
003124,1,train
001323,1,train
000518,0,train
004984,1,train
004935,1,train
002704,1,train
004055,1,train
001516,1,train
004177,1,train
001700,1,train
002228,1,train
004276,1,train
004428,1,train
003387,1,train
003544,0,train
002524,0,train
004294,1,train
004596,1,train
003042,1,train
002380,0,train
001303,1,train
003439,0,train
003973,1,train
000136,0,train
001034,1,train
004301,1,train
002281,1,train
000450,0,train
000589,0,train
000406,0,train
004784,1,train
002507,1,train
004228,1,train
000142,0,train
004065,0,train
001761,1,train
004798,1,train
003241,1,train
003519,0,train
004453,1,train
003829,1,train
000220,0,train
004087,0,train
001208,1,train
000132,0,train
002126,1,train
000825,1,train
004234,1,train
003661,1,train
004470,1,train
003072,1,train
000012,1,train
003298,1,train
002568,1,train
003686,1,train
004143,1,train
002670,1,train
003945,1,train
003150,1,train
000843,1,train
001039,1,train
001925,0,train
003394,1,train
002076,1,train
000017,0,train
004904,1,train
001693,1,train
004818,1,train
003687,1,train
000965,1,train
001913,0,train
000839,1,train
001053,1,train
003049,0,train
003490,0,train
003895,1,train
001513,1,train
002630,1,train
001157,1,train
002844,1,train
004745,1,train
004866,1,train
001648,1,train
004385,1,train
004550,1,train
000989,1,train
004880,1,train
001187,1,train
000255,0,train
004154,0,train
000873,1,train
001324,1,train
002860,0,train
002068,1,train
004458,1,train
001851,0,train
000070,0,train
004983,1,train
002872,0,train
003078,1,train
003076,1,train
004573,1,train
003696,1,train
004732,1,train
001084,1,train
000602,0,train
002195,1,train
003039,0,train
002416,0,train
002681,0,train
001995,1,train
004848,1,train
002743,1,train
003114,1,train
003736,1,train
002944,0,train
000052,0,train
001257,1,train
004915,1,train
002987,1,train
000125,0,train
002926,0,train
002181,1,train
002873,0,train
003164,1,train
000024,0,train
000749,1,train
001400,1,train
002659,1,train
003322,1,train
002346,0,train
002348,0,train
000217,0,train
000494,0,train
002742,1,train
004492,1,train
004554,1,train
003479,0,train
001297,1,train
002737,1,train
000522,0,train
000344,0,train
001479,1,train
001737,0,train
004966,1,train
003337,1,train
003609,1,train
004623,0,train
001976,1,train
002818,1,train
001975,1,train
003927,1,train
002871,0,train
002626,1,train
000711,1,train
001067,1,train
003873,1,train
001608,1,train
001405,1,train
001100,1,train
001723,1,train
003227,1,train
001470,1,train
003498,0,train
002207,1,train
004207,1,train
001375,1,train
001818,0,train
002658,1,train
001960,1,train
002593,1,train
001246,1,train
004139,0,train
004968,1,train
000085,1,train
000992,1,train
002438,0,train
003201,1,train
000608,0,train
004511,1,train
003182,1,train
000297,1,train
000640,0,train
002117,1,train
000277,0,train
004908,1,train
000426,0,train
000269,0,train
002886,0,train
003812,1,train
001496,1,train
003576,0,train
000144,0,train
001193,1,train
001689,1,train
004482,1,train
003924,1,train
002299,1,train
002187,1,train
004591,1,train
001165,1,train
001137,1,train
002779,1,train
003061,1,train
001360,1,train
002329,1,train
002035,1,train
002608,1,train
003142,1,train
002402,0,train
002718,1,train
004598,1,train
003482,0,train
004692,0,train
004711,0,train
001574,1,train
003216,1,train
000078,1,train
002954,0,train
004876,1,train
003102,1,train
000026,0,train
000581,0,train
000005,0,train
002391,0,train
004372,1,train
001767,0,train
003636,1,train
004009,1,train
004450,1,train
004997,1,train
002025,1,train
001480,1,train
002287,1,train
002220,1,train
000754,1,train
002270,1,train
002628,1,train
000500,1,train
002430,0,train
003972,1,train
000150,1,train
000167,0,train
000219,0,train
003117,1,train
000982,1,train
001203,1,train
001912,0,train
003793,1,train
004027,1,train
003618,1,train
004030,1,train
000475,0,train
002269,1,train
000764,1,train
003589,1,train
001899,0,train
002672,1,train
004686,0,train
000081,1,train
002030,1,train
001396,1,train
001074,1,train
001641,1,train
000023,1,train
002159,1,train
003382,1,train
002469,0,train
004443,1,train
001670,1,train
001377,1,train
004022,1,train
004058,1,train
002251,1,train
004945,1,train
004125,0,train
003234,1,train
000923,1,train
000334,0,train
003795,1,train
003503,0,train
001838,0,train
001850,0,train
001018,1,train
002943,0,train
004654,0,train
000830,1,train
001724,1,train
004214,1,train
000367,0,train
004731,1,train
001195,1,train
004888,1,train
000073,0,train
004918,1,train
004836,1,train
000654,0,train
000656,0,train
004821,1,train
003370,1,train
003395,1,train
002535,1,train
003412,1,train
000532,0,train
002471,0,train
003015,1,train
004551,1,train
003098,1,train
003755,1,train
003112,1,train
001541,1,train
004041,1,train
000288,0,train
003144,1,train
004045,1,train
001676,1,train
000994,1,train
003788,1,train
004877,1,train
003596,1,train
004536,1,train
001570,1,train
001334,1,train
000671,0,train
001824,0,train
003588,1,train
004264,1,train
004473,1,train
003697,1,train
003786,1,train
004225,1,train
004016,1,train
004887,1,train
003865,1,train
001363,1,train
002846,1,train
002904,0,train
002134,1,train
002276,1,train
003690,1,train
003152,1,train
001651,1,train
000069,0,train
002949,0,train
000915,1,train
001632,1,train
002655,1,train
002139,1,train
004659,0,train
003066,1,train
004033,1,train
003567,0,train
003051,1,train
004407,1,train
001228,1,train
004089,0,train
002615,1,train
000993,1,train
004255,1,train
004607,0,train
003300,1,train
003775,1,train
004330,1,train
001738,0,train
003780,1,train
002773,1,train
001102,1,train
000780,1,train
003141,1,train
002510,1,train
000242,0,train
001538,1,train
002927,0,train
002812,1,train
001710,1,train
003896,1,train
003553,0,train
003294,1,train
004687,0,train
004111,0,train
000013,1,train
001190,1,train
000328,0,train
004302,1,train
002108,1,train
000453,0,train
000911,1,train
001877,0,train
001718,1,train
003091,1,train
000575,0,train
004237,1,train
002488,0,train
002041,1,train
000324,0,train
000684,1,train
000692,1,train
001576,1,train
003375,1,train
003398,1,train
001252,1,train
001594,1,train
002224,1,train
000010,0,train
001144,1,train
000428,0,train
004155,0,train
000737,1,train
003859,1,train
000216,0,train
000267,0,train
002781,1,train
001395,1,train
001382,1,train
004697,0,train
002167,1,train
004070,0,train
004387,1,train
001421,1,train
004979,1,train
000705,1,train
000577,0,train
002629,1,train
001755,0,train
003742,1,train
002948,0,train
003454,0,train
001404,1,train
004119,0,train
004256,1,train
003751,1,train
003170,1,train
003533,0,train
004321,1,train
000686,1,train
002239,1,train
004018,1,train
003528,0,train
004409,1,train
001381,1,train
000332,0,train
000820,1,train
003734,1,train
002617,1,train
002360,0,train
002826,1,train
004059,1,train
003220,1,train
004852,1,train
003455,0,train
000003,0,train
004320,1,train
001047,1,train
004901,1,train
004246,1,train
001162,1,train
002583,1,train
003909,1,train
002086,1,train
004044,1,train
003441,0,train
003009,1,train
001019,1,train
000511,0,train
000239,0,train
002192,1,train
000095,1,train
003452,0,train
002914,0,train
001938,0,train
000384,0,train
003168,1,train
002698,1,train
004057,1,train
001160,1,train
002627,1,train
001302,1,train
000588,0,train
003316,1,train
002152,1,train
004021,1,train
001533,1,train
001703,1,train
002695,1,train
004090,0,train
001634,1,train
001896,0,train
001863,0,train
004402,1,train
004454,1,train
004902,1,train
000281,0,train
004783,1,train
004682,0,train
004530,1,train
004606,0,train
000931,1,train
000232,0,train
003224,1,train
000140,0,train
004037,1,train
003464,0,train
001057,1,train
004735,1,train
004736,1,train
002613,1,train
001431,1,train
001798,0,train
000189,0,train
003030,0,train
003837,1,train
001092,1,train
001866,0,train
000884,1,train
000770,1,train
000056,1,train
001619,1,train
001133,1,train
003920,1,train
004734,1,train
002014,1,train
000316,0,train
000986,1,train
004523,1,train
000473,0,train
000724,1,train
002002,1,train
001485,1,train
001843,0,train
004108,0,train
003705,1,train
001126,1,train
002676,1,train
001385,1,train
004940,1,train
003226,1,train
001557,1,train
004865,1,train
002499,1,train
001141,1,train
001357,1,train
002274,1,train
003105,1,train
003689,1,train
002921,0,train
003400,1,train
000191,0,train
003243,1,train
000991,1,train
001331,1,train
001259,1,train
002705,1,train
003955,1,train
003463,0,train
001267,1,train
000355,1,train
000790,1,train
002150,1,train
004657,0,train
004991,1,train
003372,1,train
002761,1,train
003373,1,train
003111,1,train
004010,1,train
003532,0,train
003522,0,train
000510,0,train
003571,0,train
004202,1,train
001802,0,train
000912,1,train
000271,0,train
004389,1,train
002576,1,train
002216,1,train
004277,1,train
001686,1,train
001897,0,train
001783,0,train
003293,1,train
004542,1,train
003784,1,train
004610,0,train
003805,1,train
001244,1,train
003753,1,train
002164,1,train
000129,0,train
002388,0,train
001399,1,train
002172,1,train
000530,0,train
004796,1,train
003669,1,train
000230,0,train
000329,0,train
002211,1,train
002645,1,train
000893,1,train
003096,1,train
000538,0,train
004316,1,train
003307,1,train
001522,1,train
003820,1,train
004104,0,train
003652,1,train
002814,1,train
001720,1,train
000938,1,train
001532,1,train
003871,1,train
000286,0,train
004648,0,train
000062,0,train
003458,0,train
001124,1,train
004396,1,train
004053,1,train
003800,1,train
003218,1,train
003872,1,train
003546,0,train
002051,1,train
003619,1,train
000446,0,train
000503,0,train
001488,1,train
000969,1,train
003709,1,train
002796,1,train
000853,1,train
000806,1,train
004129,0,train
004075,1,train
001150,1,train
003665,1,train
002279,1,train
004863,1,train
002635,1,train
001704,1,train
003345,1,train
002587,1,train
001205,1,train
000041,0,train
002579,1,train
003029,1,train
001833,0,train
002029,1,train
004658,0,train
000481,0,train
000612,0,train
002059,1,train
004218,1,train
001118,1,train
002607,1,train
002184,1,train
004327,1,train
000234,0,train
001168,1,train
001917,0,train
002740,1,train
001494,1,train
000059,0,train
001152,1,train
001451,1,train
002432,0,train
000134,0,train
002055,1,train
000723,1,train
004329,1,train
000570,0,train
003536,0,train
003666,1,train
002723,1,train
004892,1,train
001223,1,train
001317,1,train
000629,1,train
001530,1,train
004339,1,train
001796,0,train
003305,1,train
004943,1,train
002008,1,train
004791,1,train
002880,0,train
004649,0,train
000917,1,train
003206,1,train
004616,0,train
004418,1,train
004747,1,train
003123,1,train
000058,1,train
001743,0,train
001379,1,train
003301,1,train
003188,1,train
002165,1,train
001249,1,train
002534,1,train
000945,1,train
002745,1,train
000547,0,train
002560,1,train
003198,1,train
004415,1,train
004499,1,train
002801,1,train
000047,0,train
002917,0,train
003586,1,train
001646,1,train
001320,1,train
000729,1,train
003389,1,train
001656,1,train
000437,0,train
002824,1,train
002241,1,train
004691,1,train
002267,1,train
004080,0,train
003818,1,train
001417,1,train
004642,0,train
003702,1,train
004948,1,train
002845,1,train
002624,1,train
003966,1,train
000687,1,train
002620,1,train
000249,1,train
001655,1,train
001484,1,train
004112,0,train
003025,1,train
002809,1,train
002407,0,train
002298,1,train
000312,0,train
001298,1,train
003176,1,train
000208,0,train
004525,1,train
003217,1,train
002260,1,train
004559,1,train
004445,1,train
001835,0,train
001915,0,train
000987,1,train
002444,0,train
004952,1,train
002802,1,train
004899,1,train
001487,1,train
004919,1,train
003844,1,train
003361,1,train
003486,0,train
002687,1,train
001221,1,train
003583,1,train
000207,0,train
002963,0,train
004432,1,train
000682,1,train
001017,1,train
003866,1,train
001256,1,train
003011,1,train
000663,0,train
003058,1,train
003923,1,train
002403,0,train
002333,1,train
004483,1,train
003336,1,train
000028,0,train
003840,1,train
002663,1,train
000878,1,train
004014,1,train
002999,1,train
002977,0,train
004562,1,train
001414,1,train
000740,1,train
001753,0,train
003798,1,train
004086,0,train
003184,1,train
002790,1,train
001134,1,train
000353,0,train
004484,1,train
001325,1,train
001179,1,train
001268,1,train
002953,0,train
003607,1,train
000282,0,train
001279,1,train
004247,1,train
003446,0,train
002522,1,train
001749,1,train
002585,1,train
002540,1,train
000383,0,train
004476,1,train
000042,0,train
001192,1,train
002449,0,train
002226,1,train
000810,1,train
002163,1,train
003816,1,train
004379,1,train
000877,1,train
001289,1,train
000294,0,train
000801,1,train
000068,0,train
002728,1,train
003700,1,train
001955,1,train
002331,1,train
004975,1,train
002204,1,train
004885,1,train
002363,0,train
004701,0,train
001177,1,train
002793,1,train
000683,1,train
002011,1,train
003396,1,train
001159,1,train
001393,1,train
000886,1,train
002633,1,train
002892,0,train
000871,1,train
003560,0,train
000360,0,train
001081,1,train
002057,1,train
004083,0,train
000746,1,train
002468,0,train
000381,0,train
002747,1,train
001427,1,train
000141,0,train
003391,1,train
002145,1,train
000118,0,train
001254,1,train
004184,1,train
001174,1,train
004093,1,train
002547,0,train
004157,0,train
004144,1,train
004967,1,train
002714,1,train
000613,0,train
003274,1,train
002245,1,train
004685,0,train
004854,1,train
002694,1,train
002091,1,train
001158,1,train
001206,1,train
003769,1,train
000584,0,train
002596,1,train
000335,0,train
004579,1,train
004254,1,train
004934,1,train
003418,1,train
001287,1,train
003129,1,train
000206,0,train
003550,0,train
002426,0,train
004757,1,train
002539,1,train
002105,1,train
004238,1,train
000742,1,train
001296,1,train
002324,1,train
001982,1,train
002782,1,train
002250,1,train
003207,1,train
004870,1,train
003794,1,train
000392,0,train
003438,0,train
000889,1,train
000124,0,train
004944,1,train
003007,1,train
003653,1,train
002982,1,train
002555,1,train
003306,1,train
001933,0,train
000808,1,train
001642,1,train
003118,1,train
000175,0,train
003511,0,train
001694,1,train
003754,1,train
000835,1,train
000002,0,train
002806,1,train
001467,1,train
002754,1,train
000697,1,train
000155,0,train
003570,0,train
003828,1,train
000469,0,train
004425,1,train
000972,1,train
002067,1,train
000114,1,train
000525,0,train
003315,1,train
001813,0,train
000103,1,train
001962,1,train
000725,1,train
001526,1,train
000470,0,train
003893,1,train
004117,0,train
003099,1,train
003435,0,train
003408,1,train
001584,1,train
000053,0,train
000592,0,train
004714,0,train
000051,0,train
003281,1,train
002104,1,train
000350,0,train
001413,1,train
003286,1,train
001037,1,train
003723,1,train
000675,0,train
003664,1,train
000397,0,train
004858,1,train
001294,1,train
003332,1,train
000168,0,train
004651,0,train
000434,0,train
003366,1,train
003210,1,train
002558,1,train
000888,1,train
000107,0,train
001745,0,train
003676,1,train
001782,0,train
002263,1,train
000894,1,train
001180,1,train
001483,1,train
000135,0,train
004561,1,train
000753,1,train
004449,1,train
002820,1,train
001498,1,train
004026,1,train
001384,1,train
003998,1,train
002938,0,train
000250,1,train
004721,0,train
001082,1,train
000506,0,train
003481,0,train
004286,1,train
003208,1,train
001306,1,train
002896,0,train
000043,0,train
001416,1,train
002756,1,train
004433,1,train
002808,1,train
003710,1,train
001989,1,train
002804,1,train
001364,1,train
003019,1,train
001654,1,train
004804,1,train
000708,1,train
003988,1,train
003379,1,train
002022,1,train
001916,0,train
003615,1,train
003189,1,train
002132,1,train
002636,1,train
002983,1,train
002177,1,train
003008,1,train
000934,1,train
000467,0,train
003962,1,train
003822,1,train
003598,1,train
003084,1,train
000551,0,train
002188,1,train
004884,1,train
003517,0,train
001376,1,train
000616,0,train
003148,1,train
002470,0,train
000031,0,train
004689,0,train
000128,0,train
004937,1,train
003869,1,train
004965,1,train
001274,1,train
002255,1,train
003985,1,train
004056,1,train
003143,1,train
003365,1,train
000289,0,train
000778,1,train
003552,0,train
004661,1,train
000903,1,train
003318,1,train
002311,1,train
004269,1,train
004447,1,train
000585,0,train
000209,0,train
004429,1,train
002125,1,train
001109,1,train
003461,0,train
004914,1,train
000293,0,train
002433,0,train
003163,1,train
004074,1,train
003918,1,train
002425,0,train
002888,0,train
003679,1,train
004337,1,train
004545,1,train
003695,1,train
001286,1,train
002552,0,train
000657,0,train
004585,1,train
004032,1,train
001728,1,train
000919,1,train
002696,1,train
004949,1,train
000507,0,train
002712,1,train
002727,1,train
000626,0,train
001040,1,train
000449,0,train
000391,0,train
001340,1,train
001733,0,train
001220,1,train
000256,0,train
004564,1,train
000458,0,train
003582,1,train
002122,1,train
003429,0,train
003941,1,train
004253,1,train
002203,1,train
002536,1,train
002316,1,train
000326,0,train
000448,0,train
003268,1,train
004186,1,train
004471,1,train
001505,1,train
002848,1,train
000182,1,train
002840,1,train
000139,0,train
002767,1,train
002900,0,train
003929,1,train
002952,0,train
003691,1,train
000261,0,train
003113,1,train
003950,1,train
002158,1,train
001415,1,train
000907,1,train
003651,1,train
001389,1,train
004072,0,train
002984,1,train
004266,1,train
000526,1,train
002073,1,train
002244,1,train
003491,0,train
003514,0,train
002314,1,train
004134,0,train
003130,1,train
003159,1,train
004324,1,train
002787,1,train
000493,0,train
001291,1,train
000106,0,train
004192,1,train
000516,0,train
003062,1,train
000336,0,train
004601,0,train
003521,0,train
004834,1,train
003835,1,train
001135,1,train
003101,1,train
000720,1,train
002377,0,train
003056,1,train
002221,1,train
002556,1,train
003991,1,train
002828,1,train
001922,0,train
004411,1,train
004558,1,train
000351,0,train
001131,1,val
001970,1,val
001990,1,val
000973,1,val
000474,0,val
000409,0,val
000284,0,val
004938,1,val
003240,1,val
000971,1,val
003190,1,val
000055,0,val
004576,1,val
003572,0,val
004410,1,val
000465,0,val
004414,1,val
003981,1,val
003317,1,val
000569,0,val
001510,1,val
001890,0,val
004891,1,val
000944,1,val
001478,1,val
000638,0,val
001245,1,val
003707,1,val
004195,1,val
000110,1,val
004859,1,val
001903,0,val
003932,1,val
000164,1,val
002868,0,val
000717,1,val
003824,1,val
003994,1,val
001904,1,val
004894,1,val
004378,1,val
001801,0,val
003732,1,val
002102,1,val
004479,1,val
001854,0,val
001811,0,val
002527,1,val
000587,0,val
001996,1,val
001076,1,val
003349,1,val
004436,1,val
003836,1,val
004403,1,val
002183,1,val
003288,1,val
000236,0,val
003328,1,val
003756,1,val
000887,1,val
003362,1,val
000109,1,val
003757,1,val
001829,0,val
004363,1,val
000627,1,val
000066,1,val
000536,0,val
001226,1,val
004161,0,val
004867,1,val
001949,1,val
001171,1,val
001894,0,val
001808,1,val
004175,1,val
000138,0,val
001681,1,val
002434,0,val
000298,1,val
000238,0,val
004844,1,val
002625,1,val
004349,1,val
003364,1,val
002538,1,val
002592,1,val
002497,1,val
003343,1,val
002526,1,val
001555,1,val
004517,1,val
002843,1,val
002494,1,val
001708,1,val
004793,1,val
000245,0,val
003237,1,val
001884,1,val
002529,1,val
001005,1,val
003556,0,val
002332,1,val
004515,1,val
004825,1,val
002357,0,val
002462,0,val
002428,0,val
001734,0,val
001151,1,val
001452,1,val
003601,1,val
004563,1,val
001227,1,val
004392,1,val
004664,1,val
003834,1,val
002842,1,val
001293,1,val
000345,0,val
003314,1,val
000549,0,val
000386,1,val
002601,1,val
002066,1,val
000374,0,val
002421,0,val
003003,1,val
000565,0,val
000826,1,val
004895,1,val
000563,1,val
004212,1,val
002047,1,val
004156,0,val
001412,1,val
004874,1,val
002334,1,val
002342,0,val
000369,0,val
003278,1,val
003703,1,val
002142,1,val
001202,1,val
001675,1,val
004679,0,val
001924,0,val
003405,1,val
001972,1,val
004346,1,val
002505,1,val
004107,0,val
001455,1,val
002351,0,val
001443,1,val
002622,1,val
001980,1,val
004298,1,val
003566,0,val
000787,1,val
001113,1,val
000079,1,val
002819,1,val
002580,1,val
004158,0,val
000556,0,val
002307,1,val
001902,0,val
003239,1,val
004957,1,val
001466,1,val
001537,1,val
003745,1,val
001932,0,val
000932,1,val
003789,1,val
000677,0,val
003059,1,val
000624,0,val
001550,1,val
002986,1,val
004647,1,val
004244,1,val
003393,1,val
000730,1,val
001120,1,val
003656,1,val
002903,0,val
002114,1,val
004907,1,val
002268,1,val
002266,1,val
004933,1,val
003655,1,val
004084,1,val
000396,0,val
001471,1,val
002684,1,val
000151,0,val
003926,1,val
003330,1,val
001406,1,val
000913,1,val
004061,1,val
004468,1,val
004923,1,val
001596,1,val
004216,1,val
003488,0,val
000019,0,val
000412,1,val
001862,0,val
002185,1,val
000956,1,val
002419,0,val
000389,0,val
003071,1,val
002815,1,val
000598,0,val
002599,1,val
004946,1,val
002991,1,val
002520,1,val
004039,1,val
003531,0,val
001979,1,val
003987,1,val
004426,1,val
002978,0,val
002315,1,val
004717,0,val
002258,1,val
004981,1,val
000812,1,val
000685,1,val
000482,1,val
003611,1,val
004613,1,val
004633,0,val
001774,1,val
002028,1,val
003082,1,val
002013,1,val
004597,1,val
004826,1,val
004535,1,val
003127,1,val
004684,0,val
003681,1,val
001083,1,val
000885,1,val
001006,1,val
003327,1,val
003222,1,val
002677,1,val
002478,0,val
001643,1,val
001964,1,val
001028,1,val
003232,1,val
000847,1,val
004720,0,val
003901,1,val
003472,0,val
004520,1,val
000201,0,val
004775,1,val
004257,1,val
004922,1,val
004178,1,val
000655,0,val
000203,0,val
003870,1,val
003086,0,val
003351,1,val
001870,1,val
002854,0,val
001129,1,val
003624,1,val
002153,1,val
004463,1,val
003276,1,val
004739,1,val
001817,0,val
004665,0,val
000772,1,val
000698,1,val
004328,1,val
004131,0,val
002688,1,val
003035,1,val
000038,0,val
001709,1,val
000170,1,val
001991,1,val
001536,1,val
002639,1,val
002816,1,val
000580,0,val
003005,1,val
003160,1,val
001500,1,val
003810,1,val
004823,1,val
003137,1,val
001542,1,val
000502,0,val
000321,1,val
004843,1,val
002572,0,val
001772,0,val
001139,1,val
002354,0,val
004306,1,val
000094,1,val
004210,1,val
000974,1,val
004375,1,val
003897,1,val
000305,0,val
001741,0,val
003760,1,val
001702,1,val
002087,1,val
004399,1,val
001217,1,val
001316,1,val
004868,1,val
003620,1,val
001066,1,val
002206,1,val
004224,1,val
003993,1,val
001669,1,val
002932,0,val
002533,1,val
004297,1,val
000331,0,val
002961,0,val
002911,0,val
004592,1,val
001981,1,val
000896,1,val
001921,0,val
001502,1,val
000583,0,val
003847,1,val
000420,0,val
003875,1,val
001233,1,val
001173,1,val
002460,0,val
000561,0,val
003833,1,val
004872,1,val
004797,1,val
002614,1,val
003022,1,val
000099,0,val
004190,1,val
000823,1,val
003821,1,val
003074,1,val
001799,0,val
002376,0,val
002495,1,val
004538,1,val
004307,1,val
002322,1,val
005000,1,val
000895,1,val
004036,1,val
000865,1,val
000317,0,val
002661,0,val
000862,1,val
003612,1,val
002652,1,val
001344,1,val
001529,1,val
002487,0,val
004802,1,val
001660,1,val
003267,1,val
000210,0,val
000471,0,val
002213,1,val
004845,1,val
001661,1,val
000901,1,val
002970,0,val
003287,1,val
001714,1,val
004278,1,val
001238,1,val
001754,0,val
004128,0,val
004127,0,val
002822,1,val
003377,1,val
004941,1,val
003279,1,val
002901,0,val
001992,1,val
003476,0,val
000771,1,val
000975,1,val
000722,1,val
004953,1,val
003468,0,val
004179,1,val
003509,0,val
004138,0,val
002210,1,val
004806,1,val
000548,0,val
004723,0,val
001855,0,val
001640,1,val
001185,1,val
001961,1,val
004303,1,val
000704,1,val
003403,1,val
002666,1,val
001998,1,val
002821,1,val
001011,1,val
001621,1,val
003704,1,val
001025,1,val
004023,1,val
003097,1,val
004148,0,val
003437,1,val
000850,1,val
003654,1,val
001607,1,val
004710,0,val
001988,1,val
004871,1,val
004518,1,val
000831,1,val
001821,1,val
000905,1,val
003378,1,val
002431,0,val
003863,1,val
004856,1,val
001804,1,val
002288,1,val
002136,1,val
003034,1,val
002504,1,val
002835,1,val
001553,1,val
004243,1,val
000784,1,val
000113,0,val
001566,1,val
001199,1,val
003319,1,val
001887,0,val
002776,1,val
000758,1,val
003534,0,val
003027,1,val
000964,1,val
000287,0,val
002717,1,val
003251,1,val
002077,1,val
002291,1,val
003191,1,val
000765,1,val
003959,1,val
002506,1,val
000701,1,val
001797,0,val
003855,1,val
000072,0,val
003967,1,val
000523,0,val
001003,1,val
003539,0,val
004461,1,val
001731,0,val
000713,1,val
002516,1,val
000795,1,val
003578,0,val
002318,1,val
002424,0,val
004206,1,val
004034,1,val
001328,1,val
001926,0,val
001061,1,val
001182,1,val
001503,1,test
000093,0,test
001847,0,test
000955,1,test
003733,1,test
004420,1,test
001653,1,test
000339,0,test
004963,1,test
003036,1,test
004092,1,test
004147,0,test
004727,1,test
004326,1,test
000822,1,test
000349,0,test
004996,1,test
002811,1,test
004439,1,test
000415,0,test
004284,1,test
000153,0,test
004677,0,test
000779,1,test
000745,1,test
001261,1,test
003657,1,test
003302,1,test
003235,1,test
003545,0,test
000009,0,test
003323,1,test
001307,1,test
003527,0,test
000695,1,test
002088,1,test
001891,0,test
000788,1,test
002496,1,test
001462,1,test
002456,0,test
003040,0,test
001579,1,test
000046,0,test
000968,1,test
000846,1,test
002365,0,test
002829,1,test
001155,1,test
001716,1,test
003787,1,test
003559,0,test
002669,1,test
001482,1,test
003647,1,test
003952,1,test
001288,1,test
001049,1,test
003426,1,test
001153,1,test
003313,1,test
001549,1,test
003397,1,test
003092,1,test
003023,1,test
004570,1,test
001368,1,test
000387,0,test
002956,0,test
004712,0,test
000756,1,test
000689,1,test
004668,0,test
004013,1,test
003741,1,test
004650,0,test
002306,1,test
001021,1,test
001491,1,test
002448,0,test
000537,0,test
003154,1,test
003817,1,test
001241,1,test
002660,1,test
002966,0,test
004105,0,test
000222,0,test
002662,1,test
002939,0,test
000797,1,test
001347,1,test
001229,1,test
001215,1,test
004102,1,test
000988,1,test
004176,1,test
003632,1,test
002780,1,test
000890,1,test
003172,1,test
004094,1,test
001858,0,test
004438,1,test
002212,1,test
002166,1,test
000541,0,test
004299,1,test
000154,0,test
001597,1,test
004417,1,test
003169,1,test
002724,1,test
003663,1,test
000244,0,test
001834,0,test
001365,1,test
002678,1,test
002916,0,test
002435,0,test
002364,0,test
004549,1,test
000690,1,test
003119,1,test
003401,1,test
004049,1,test
003683,1,test
003079,1,test
000649,0,test
003888,1,test
002883,0,test
003830,1,test
003329,1,test
000793,1,test
004200,1,test
004890,1,test
004594,1,test
001957,1,test
004959,1,test
000483,1,test
002959,0,test
002374,0,test
001695,1,test
003808,1,test
001762,0,test
003261,1,test
002751,1,test
000900,1,test
002578,1,test
002193,1,test
001766,0,test
001879,0,test
000161,0,test
002807,1,test
002225,1,test
000762,1,test
004126,0,test
004521,1,test
003004,1,test
001583,1,test
000183,1,test
003853,1,test
002697,1,test
001096,1,test
002005,1,test
000750,1,test
002744,1,test
002604,1,test
001283,1,test
001122,1,test
003806,1,test
004151,0,test
000190,0,test
000123,0,test
002836,1,test
001601,1,test
004670,0,test
003958,1,test
001769,0,test
000174,0,test
004395,1,test
003471,0,test
003383,1,test
001278,1,test
004671,0,test
001751,0,test
000841,1,test
001253,1,test
002503,1,test
004807,1,test
004250,1,test
001446,1,test
003338,1,test
003717,1,test
003456,0,test
002621,1,test
002130,1,test
003475,0,test
001687,1,test
001638,1,test
003990,1,test
000818,1,test
004404,1,test
002396,0,test
004063,1,test
001807,0,test
003882,1,test
004510,1,test
003360,1,test
000169,0,test
000076,1,test
002985,1,test
001064,1,test
002882,0,test
000785,1,test
001154,1,test
004170,1,test
004437,1,test
000957,1,test
002261,1,test
001264,1,test
003917,1,test
003963,1,test
003485,0,test
001094,1,test
001898,0,test
003541,0,test
001999,1,test
001876,0,test
002791,0,test
001773,0,test
002830,1,test
002062,1,test
004431,1,test
002215,1,test
002610,1,test
002084,1,test
000908,1,test
001176,1,test
004999,1,test
002082,1,test
001224,1,test
004046,1,test
000363,0,test
004792,1,test
004509,1,test
003312,1,test
001284,1,test
000845,1,test
000880,1,test
004355,1,test
004380,1,test
004808,1,test
004565,1,test
001948,1,test
000798,1,test
001014,1,test
003881,1,test
001521,1,test
002044,1,test
000855,1,test
002847,1,test
003356,1,test
004451,1,test
004235,1,test
001839,1,test
000710,1,test
002242,1,test
003204,1,test
002581,1,test
000852,1,test
004766,1,test
004062,1,test
004973,1,test
004060,1,test
001674,1,test
001146,1,test
004580,1,test
004497,1,test
002180,1,test
004746,1,test
001620,1,test
001965,1,test
002722,1,test
003547,0,test
004412,1,test
001942,0,test
000001,0,test
002701,1,test
002623,1,test
001983,1,test
003273,1,test
004388,1,test
000147,1,test
001387,1,test
000323,0,test
001556,1,test
002367,0,test
001771,0,test
003758,1,test
000714,1,test
003712,1,test
003075,1,test
002996,1,test
001618,1,test
001671,1,test
000842,1,test
002863,0,test
001272,1,test
004456,1,test
004637,1,test
001871,0,test
001615,1,test
002294,1,test
001587,1,test
004636,1,test
001677,1,test
003090,1,test
001918,0,test
004110,0,test
001411,1,test
004310,1,test
004078,0,test
002577,1,test
004801,1,test
002026,1,test
002099,1,test
004136,0,test
002889,0,test
003054,1,test
001819,0,test
003106,1,test
001603,1,test
004168,1,test
004730,1,test
004638,1,test
003122,1,test
004287,1,test
003505,0,test
003730,1,test
002277,1,test
004487,1,test
003115,0,test
004916,1,test
000400,0,test
004660,0,test
001951,1,test
004081,0,test
000455,0,test
002513,1,test
004742,1,test
002128,1,test
001300,1,test
002813,1,test
001528,1,test
000702,1,test
000513,1,test
002382,0,test
002004,1,test
000941,1,test
004400,1,test
000512,1,test
004289,1,test
003238,1,test
001823,0,test
001763,0,test
001519,1,test
002571,1,test
002429,0,test
001093,1,test
000223,0,test
002326,1,test
001746,1,test
002515,1,test
004589,1,test
002362,0,test
001789,1,test
004382,1,test
001280,1,test
002686,1,test
001985,1,test
003474,0,test
000366,0,test
004993,1,test
004322,1,test
001270,1,test
002290,1,test
003187,1,test
000914,1,test
002771,1,test
003597,1,test
001481,1,test
000224,0,test
000460,0,test
002945,0,test
002521,1,test
001966,1,test
000809,1,test
001712,1,test
002275,1,test
002730,1,test
001435,1,test
002335,1,test
000545,0,test
001242,1,test
001928,0,test
000459,0,test
001436,1,test
001214,1,test
004640,0,test
002248,1,test
004628,0,test
004693,0,test
004491,1,test
000691,1,test
003649,1,test
001359,1,test
000433,0,test
000195,1,test
001304,1,test
001535,1,test
004236,1,test
001788,1,test
004430,1,test
003906,1,test
003386,1,test
000773,1,test
001688,1,test
004000,1,test
000048,0,test
002878,0,test
001352,1,test
003842,1,test
000083,0,test
004369,1,test
004338,1,test
000385,0,test
004522,1,test
001486,1,test
001666,1,test
002072,1,test
002519,1,test
001795,0,test
002799,1,test
002124,1,test
001729,0,test
000120,0,test
002060,1,test
001349,1,test
003138,1,test
001572,1,test
004986,1,test
003175,1,test
001626,1,test
003231,1,test
004770,1,test
002373,0,test
000487,0,test
002359,0,test
003392,1,test
001944,0,test
002964,0,test
004300,1,test
003943,1,test
004829,1,test
002912,0,test
004680,0,test
003782,1,test
000430,0,test
001166,1,test
003477,0,test
004489,1,test
001875,0,test
000304,0,test
001554,1,test
004205,1,test
003764,1,test
004552,1,test
004830,1,test
004788,1,test
002019,1,test
004971,1,test
001263,1,test
004017,1,test
001692,1,test
004729,1,test
000438,0,test
001657,1,test
003359,1,test
004381,1,test
003506,0,test
004969,1,test
002317,1,test
000641,0,test
003020,1,test
000519,0,test
001337,1,test
000949,1,test
004189,1,test
001461,1,test
002085,1,test
003355,1,test
001760,1,test
000379,0,test
002618,1,test
003989,1,test
002474,0,test
004760,1,test
004850,1,test
003575,0,test
004272,1,test
000998,1,test
000802,1,test
003781,1,test
004358,1,test
001125,1,test
003883,1,test
001361,1,test
001665,1,test
003804,1,test
004398,1,test
003974,1,test
002858,0,test
000054,0,test
003682,1,test
000194,1,test
002048,1,test
004911,1,test
000300,0,test
004486,1,test
000276,0,test
004475,1,test
003116,1,test
004929,1,test
004645,1,test
004130,0,test
001012,1,test
004478,1,test
002875,0,test
002451,0,test
004122,0,test
000774,1,test
004955,1,test
002461,0,test
000060,0,test
004325,1,test
003055,1,test
002310,1,test
000966,1,test
002098,1,test
004336,1,test
004099,0,test
002899,0,test
004213,1,test
004756,1,test
000712,1,test
002700,1,test
000137,0,test
001038,1,test
000006,0,test
002665,1,test
000496,0,test
002646,1,test
001105,1,test
004181,1,test
002735,1,test
000413,0,test
002518,1,test
000101,1,test
004810,1,test
000566,0,test
001065,1,test
002033,1,test
001101,1,test
001625,1,test
001974,1,test
002247,1,test
001326,1,test
004315,1,test
000623,0,test
004165,0,test
001475,1,test
003205,1,test
000573,0,test
000468,0,test
002989,1,test
004889,1,test
004465,1,test
004001,1,test
003774,1,test
001240,1,test
002092,1,test
001697,1,test
002483,0,test
003010,0,test
004678,0,test
001831,0,test
001886,0,test
002517,0,test
003006,1,test
002079,1,test
000228,0,test
004835,1,test
001088,1,test
001908,0,test
003848,1,test
001776,0,test
000086,0,test
001186,1,test
001408,1,test
002356,0,test
000882,1,test
003252,1,test
001046,1,test
001394,1,test
002689,1,test
003617,1,test
000844,1,test
001633,1,test
002137,1,test
004422,1,test
000815,1,test
001495,1,test
002563,1,test
004373,1,test
003410,1,test
000605,0,test
003580,1,test
000897,1,test
003862,1,test
002339,0,test
004313,1,test
002071,1,test
004599,0,test
001420,1,test
004842,1,test
001668,1,test
002264,1,test
000939,1,test
003777,1,test
001781,0,test
000416,1,test
001184,1,test
002149,1,test
004146,0,test
003776,1,test
000709,1,test
001919,0,test
002012,1,test
002794,1,test
001786,0,test
000197,0,test
003246,1,test
003080,1,test
002653,1,test
003219,1,test
002680,1,test
002551,1,test
003348,1,test
002069,1,test
003510,0,test
004995,1,test
003643,1,test
003443,0,test
001266,1,test
000918,1,test
001878,0,test
000630,0,test
002231,1,test
004553,1,test
001255,1,test
000942,1,test
000952,1,test
002918,0,test
003838,1,test
002749,1,test
000225,0,test
001785,0,test
000040,0,test
002366,0,test
003249,1,test
001770,0,test
004191,1,test
003425,1,test
001321,1,test
003165,1,test
004626,0,test
003763,1,test
003936,1,test
001589,1,test
001178,1,test
004875,1,test
000025,0,test
004667,0,test
003053,1,test
000832,1,test
002171,1,test
004115,0,test
001705,1,test
003369,1,test
004258,1,test
000582,0,test
000546,0,test
000933,1,test
002928,0,test
002116,1,test
004718,0,test
004227,1,test
001892,0,test
002702,1,test
004167,1,test
001078,1,test
002465,0,test
004371,1,test
002253,1,test
001204,1,test
004728,1,test
000728,1,test
004744,1,test
004960,1,test
002052,1,test
002036,1,test
000382,0,test
000899,1,test
004990,1,test
003701,1,test
004724,1,test
000576,0,test
000149,0,test
003001,1,test
004416,1,test
000554,0,test
000016,0,test
000421,0,test
000669,0,test
002936,0,test
001072,1,test
001456,1,test
001156,1,test
003925,1,test
004448,1,test
003139,0,test
002328,1,test
002420,0,test
001775,0,test
001030,1,test
001684,1,test
001732,0,test
004435,1,test
000861,1,test
004762,1,test
000634,0,test
001722,1,test
004413,1,test
004752,1,test
001332,1,test
001941,0,test
002286,1,test
003263,1,test
004982,1,test
003658,1,test
001097,1,test
003489,0,test
004985,1,test
002631,1,test
003762,1,test
000202,0,test
001750,0,test
001442,1,test
000461,0,test
003809,1,test
000451,0,test
003026,1,test
001055,1,test
002759,1,test
000342,0,test
003677,1,test
001959,1,test
004782,1,test
004726,1,test
003526,0,test
002785,1,test
004485,1,test
004025,1,test
003846,1,test
000177,0,test
003134,1,test
001501,1,test
001085,1,test
004140,0,test
002155,1,test
001672,1,test
001200,1,test
001140,1,test
002637,1,test
001459,1,test
002736,1,test
003670,1,test
000035,0,test
002545,1,test
001764,0,test
001937,0,test
001610,1,test
003942,1,test
001295,1,test
002838,1,test
004631,0,test
004898,1,test
002827,1,test
001251,1,test
004142,0,test
002459,0,test
004419,1,test
001885,0,test
004840,1,test
002588,0,test
002546,1,test
000115,1,test
000858,1,test
001310,1,test
001822,1,test
002575,1,test
001586,1,test
003031,0,test
004641,0,test
000126,0,test
003326,1,test
001581,1,test
000445,0,test
004882,1,test
002135,1,test
003975,1,test
001613,1,test
001322,1,test
001790,0,test
001874,0,test
004397,1,test
004588,1,test
002237,1,test
003933,1,test
003761,1,test
004896,1,test
002832,1,test
002498,1,test
000180,1,test
004506,1,test
000601,0,test
001075,1,test
000759,1,test
004574,1,test
000307,0,test
003200,1,test
002582,1,test
003746,1,test
004095,1,test
004097,0,test
001299,1,test
002931,0,test
001058,1,test
003629,1,test
003171,1,test
003843,1,test
001562,1,test
001403,1,test
000646,1,test
004270,1,test
001810,1,test
002097,1,test
003706,1,test
000105,0,test
002179,1,test
004715,0,test
002016,1,test
003908,1,test
003904,1,test
000337,0,test
004974,1,test
003887,1,test
003916,1,test
001116,1,test
000637,0,test
001612,1,test
002110,1,test
000606,0,test
004500,1,test
002664,1,test
003891,1,test
000760,1,test
002278,1,test
004292,1,test
000318,0,test
000985,1,test
000361,0,test
002562,1,test
000997,1,test
004586,1,test
001041,1,test
002343,0,test
000044,0,test
002201,1,test
002738,1,test
003592,1,test
000405,0,test
001920,0,test
002235,1,test
003445,0,test
004740,1,test
001765,0,test
003558,0,test
000432,0,test
000579,0,test
002733,1,test
003077,1,test
000410,0,test
002675,1,test
003192,1,test
002726,1,test
002272,1,test
004248,1,test
000870,1,test
003358,1,test
000246,0,test
003802,1,test
003635,1,test
002554,1,test
001812,0,test
004230,1,test
003048,0,test
002340,0,test
003256,1,test
000735,1,test
000371,0,test
000131,0,test
004988,1,test
001181,1,test
003254,1,test
002971,0,test
002205,1,test
004370,1,test
002877,0,test
002243,1,test
002295,1,test
003874,1,test
001305,1,test
001119,1,test
000184,0,test
002175,1,test
003961,1,test
002381,0,test
004242,1,test
004096,0,test
004587,1,test
004481,1,test
002690,1,test
003826,1,test
002683,1,test
004365,1,test
003284,1,test
002707,1,test
001336,1,test
000240,1,test
003827,1,test
004345,1,test
003573,0,test
004812,1,test
004750,1,test
003621,1,test
003992,1,test
001314,1,test
001001,1,test
000652,0,test
003257,1,test
003814,1,test
000807,1,test
004543,1,test
002238,1,test
004333,1,test
004496,1,test
000011,0,test
002682,1,test
000651,0,test
001043,1,test
001243,1,test
002788,1,test
002606,0,test
003469,0,test
004906,1,test
002196,1,test
001719,1,test
000212,0,test
000607,0,test
004394,1,test
000776,1,test
000743,1,test
002368,0,test
003960,1,test
001407,1,test
004533,1,test
001161,1,test
000635,0,test
